scenario,year,energy,water,maintenance,replacement,other,disposal,residual,nominal_total,pv_total,cumulative_pv
conventional,0,0.0,0.0,0.0,0.0,0.0,0.0,0.0,750000.0,750000.0,750000.0
conventional,1,3354.813,1649.4907201086955,7687.499999999999,0,0.0,0.0,0.0,12691.803720108695,12087.432114389232,762087.4321143893
conventional,2,3455.4573899999996,1690.7279881114127,7879.687499999999,0,0.0,0.0,0.0,13025.872878111411,11814.85068309425,773902.2827974835
conventional,3,3559.1211117,1732.9961878141978,8076.679687499997,0,0.0,0.0,0.0,13368.796987014195,11548.469484517174,785450.7522820006
conventional,4,3665.8947450510004,1776.3210925095525,8278.596679687496,0,0.0,0.0,0.0,13720.812517248049,11288.146414095401,796738.898696096
conventional,5,3775.87158740253,1820.729119822291,8485.561596679683,0,0.0,0.0,0.0,14082.162303904504,11033.742645564937,807772.641341661
conventional,6,3889.1477350246064,1866.2473478178483,8697.700636596675,0,0.0,0.0,0.0,14453.09571943913,10785.122554908414,818557.7638965694
conventional,7,4005.8221670753446,1912.9035315132946,8915.143152511591,0,0.0,0.0,0.0,14833.868851100231,10542.153646075687,829099.917542645
conventional,8,4125.996832087605,1960.7261198011265,9138.02173132438,0,0.0,0.0,0.0,15224.74468321311,10304.706478435606,839404.6240210807
conventional,9,4249.776737050233,2009.7442727961547,9366.47227460749,0,0.0,0.0,0.0,15625.993284453878,10072.65459591839,849477.278616999
conventional,10,4377.27003916174,2059.9878796160583,9600.634081472675,0,0.0,0.0,0.0,16037.892000250475,9845.874457809081,859323.1530748081
conventional,11,4508.588140336593,2111.4875766064597,9840.649933509492,0,0.0,0.0,0.0,16460.725650452543,9624.245371153476,868947.3984459615
conventional,12,4643.84578454669,2164.274766021621,10086.666181847228,0,0.0,0.0,0.0,16894.786732415538,9407.649424738753,878355.0478707002
conventional,13,4783.161158083091,2218.381635172161,10338.832836393407,0,0.0,0.0,0.0,17340.37562964866,9195.971424612026,887551.0192953122
conventional,14,4926.655992825585,2273.841176051465,10597.303657303242,0,0.0,0.0,0.0,17797.800826180293,8989.09883110083,896540.1181264131
conventional,15,5074.455672610352,2330.6872054527516,10862.236248735822,14482.981664981096,0.0,0.0,0.0,32750.360791780022,15753.48350949431,912293.6016359074
conventional,16,5226.6893427886625,2388.95438558907,11133.792154954217,0,0.0,0.0,0.0,18749.43588333195,8589.332608993369,920882.9342449008
conventional,17,5383.490023072322,2448.6782452287966,11412.13695882807,0,0.0,0.0,0.0,19244.30522712919,8396.226625968768,929279.1608708696
conventional,18,5544.994723764493,2509.8952013595162,11697.440382798772,0,0.0,0.0,0.0,19752.33030792278,8207.501224706904,937486.6620955765
conventional,19,5711.344565477428,2572.642581393504,11989.87639236874,0,0.0,0.0,0.0,20273.86353923967,8023.056242398909,945509.7183379754
conventional,20,5882.684902441751,2636.9586459283414,12289.623302177957,0,0.0,0.0,0.0,20809.26685054805,7842.793822269323,953352.5121602447
conventional,21,6059.165449515003,2702.88261207655,12596.863884732405,0,0.0,0.0,0.0,21358.91194632396,7666.6183601714165,961019.1305204162
conventional,22,6240.940413000453,2770.454677378463,12911.785481850715,0,0.0,0.0,0.0,21923.18057222963,7494.436452425428,968513.5669728416
conventional,23,6428.168625390467,2839.7160443129246,13234.580118896982,0,0.0,0.0,0.0,22502.464788600373,7326.156844870743,975839.7238177124
conventional,24,6621.013684152182,2910.708945420747,13565.444621869403,0,0.0,0.0,0.0,23097.167251442334,7161.690383103582,983001.414200816
conventional,25,6819.644094676747,2983.476669056266,13904.580737416138,0,0.0,0.0,0.0,23707.70150114915,7000.949963872534,990002.3641646885
conventional,26,7024.23341751705,3058.063585782672,14252.19525585154,0,0.0,0.0,0.0,24334.492259151262,6843.8504876048555,996846.2146522934
conventional,27,7234.960420042562,3134.515175427239,14608.500137247827,0,0.0,0.0,0.0,24977.975732717627,6690.308812037143,1003536.5234643305
conventional,28,7452.009232643839,3212.8780548129193,14973.712640679023,0,0.0,0.0,0.0,25638.59992813578,6540.243706924551,1010076.7671712551
conventional,29,7675.569509623154,3293.2000061832423,15348.055456695996,0,0.0,0.0,0.0,26316.824972502392,6393.575809803389,1016470.3429810585
conventional,30,7905.836594911849,3375.5300063378227,15731.756843113393,20975.67579081786,0.0,0.0,0.0,47988.79923518092,11103.525931094346,1027573.8689121528
conventional,31,8143.0116927592035,3459.9182564962684,16125.05076419123,0,0.0,0.0,0.0,27727.9807134467,6110.123270339172,1033683.992182492
conventional,32,8387.30204354198,3546.4162129086744,16528.177033296008,0,0.0,0.0,0.0,28461.895289746662,5973.188858096835,1039657.1810405889
conventional,33,8638.92110484824,3635.0766182313914,16941.381459128406,0,0.0,0.0,0.0,29215.37918220804,5839.352032560421,1045496.5330731493
conventional,34,8898.088737993687,3725.9535336871754,17364.915995606614,0,0.0,0.0,0.0,29988.958267287475,5708.5421417882235,1051205.0752149376
conventional,35,9165.0314001335,3819.1023720293542,17799.03889549678,0,0.0,0.0,0.0,30783.17266765963,5580.690156977664,1056785.7653719152
conventional,36,9439.982342137504,3914.579931330088,18244.014867884198,0,0.0,0.0,0.0,31598.57714135179,5455.728634943888,1062241.4940068591
conventional,37,9723.181812401628,4012.4444296133397,18700.1152395813,0,0.0,0.0,0.0,32435.74148159627,5333.5916814703,1067575.0856883295
conventional,38,10014.87726677368,4112.7555403536735,19167.61812057083,0,0.0,0.0,0.0,33295.25092769819,5214.214915510685,1072789.3006038403
conventional,39,10315.323584776888,4215.574428862515,19646.8085735851,0,0.0,0.0,0.0,34177.7065872245,5097.5354342230485,1077886.8360380633
conventional,40,10624.783292320195,4320.963789584077,20137.978787924723,0,0.0,67126.59595974909,-0.0,102210.32182957808,14518.534902413381,1092405.3709404767
sustainable,0,0.0,0.0,0.0,0.0,0.0,0.0,0.0,825000.0000000001,825000.0000000001,825000.0000000001
sustainable,1,2535.5922,1341.9087201086954,6534.374999999999,0,0.0,0.0,0.0,10411.875920108694,9916.072304865422,834916.0723048656
sustainable,2,2611.6599659999997,1375.456438111413,6697.734374999999,0,0.0,0.0,0.0,10684.850779111412,9691.47462957951,844607.546934445
sustainable,3,2690.0097649799995,1409.842849064198,6865.177734374998,0,0.0,0.0,0.0,10965.030348419195,9472.005484003192,854079.5524184483
sustainable,4,2770.7100579294,1445.0889202908027,7036.807177734372,0,0.0,0.0,0.0,11252.606155954574,9257.546932362193,863337.0993508104
sustainable,5,2853.831359667282,1481.2161432980727,7212.7273571777305,0,0.0,0.0,0.0,11547.774860143085,9047.983767408756,872385.0831182192
sustainable,6,2939.4463004573004,1518.2465468805244,7393.045541107173,0,0.0,0.0,0.0,11850.738388445,8843.203446970392,881228.2865651896
sustainable,7,3027.62968947102,1556.2027105525376,7577.8716796348535,0,0.0,0.0,0.0,12161.704079658412,8643.096031980564,889871.3825971702
sustainable,8,3118.4585801551507,1595.1077783163505,7767.318471625723,0,0.0,0.0,0.0,12480.884830097224,8447.554125956522,898318.9367231267
sustainable,9,3212.012337559805,1634.9854727742593,7961.501433416366,0,0.0,0.0,0.0,12808.49924375043,8256.47281589044,906575.4095390171
sustainable,10,3308.3727076865994,1675.8601095936156,8160.538969251774,0,0.0,0.0,0.0,13144.771786531988,8069.74961452063,914645.1591535377
sustainable,11,3407.6238889171973,1717.756612333456,8364.552443483068,0,0.0,0.0,0.0,13489.93294473372,7887.28440395062,922532.4435574884
sustainable,12,3509.8526055847133,1760.7005276417922,8573.666254570144,3362.2220606157425,0.0,0.0,0.0,17206.44144841239,9581.1904321573,932113.6339896456
sustainable,13,3615.1481837522547,1804.7180408328368,8788.007910934395,0,0.0,0.0,0.0,14207.874135519487,7534.73900134704,939648.3729909926
sustainable,14,3723.602629264823,1849.8359918536578,9007.708108707757,0,0.0,0.0,0.0,14581.146729826238,7364.469931160636,947012.8429221533
sustainable,15,3835.310708142767,1896.0818916499989,9232.900811425448,14482.981664981096,0.0,0.0,0.0,29447.275076199312,14164.64280383994,961177.4857259933
sustainable,16,3950.3700293870506,1943.4839389412487,9463.723331711084,0,0.0,0.0,0.0,15357.577300039384,7035.483111021617,968212.9688370149
sustainable,17,4068.8811302686618,1992.0710374147798,9700.316415003861,0,0.0,0.0,0.0,15761.268582687302,6876.589275171538,975089.5581121864
sustainable,18,4190.947564176722,2041.872813350149,9942.824325378955,0,0.0,0.0,0.0,16175.644702905825,6721.31447985516,981810.8725920415
sustainable,19,4316.6759911020235,2092.9196336839027,10191.39493351343,0,0.0,0.0,0.0,16600.990558299356,6569.575684031857,988380.4482760733
sustainable,20,4446.176270835085,2145.242624526,10446.179806851263,0,0.0,0.0,0.0,17037.598702212348,6421.291764274514,994801.7400403478
sustainable,21,4579.5615589601375,2198.87369013915,10707.334302022546,0,0.0,0.0,0.0,17485.769551121834,6276.383470246442,1001078.1235105942
sustainable,22,4716.948405728942,2253.8455323926282,10975.017659573106,0,0.0,0.0,0.0,17945.811597694676,6134.773381216724,1007212.8968918109
sustainable,23,4858.45685790081,2310.191670702444,11249.393101062435,0,0.0,0.0,0.0,18418.041629665688,5996.385863589759,1013209.2827554006
sustainable,24,5004.210563637835,2367.9464624700045,11530.627928588992,4521.814873956468,0.0,0.0,0.0,23424.5998286533,7263.216718077849,1020472.4994734785
sustainable,25,5154.336880546969,2427.1451240317547,11818.893626803718,0,0.0,0.0,0.0,19400.37563138244,5728.984695924952,1026201.4841694034
sustainable,26,5308.966986963379,2487.823752132548,12114.365967473808,0,0.0,0.0,0.0,19911.156706569735,5599.8283458652595,1031801.3125152687
sustainable,27,5468.235996572281,2550.0193459358616,12417.225116660653,0,0.0,0.0,0.0,20435.480459168793,5473.609088950564,1037274.9216042192
sustainable,28,5632.283076469449,2613.7698295842583,12727.655744577169,0,0.0,0.0,0.0,20973.708650630877,5350.25962406878,1042625.181228288
sustainable,29,5801.251568763532,2679.114075323864,13045.847138191597,0,0.0,0.0,0.0,21526.21278227899,5229.714202426171,1047854.8954307141
sustainable,30,5975.289115826438,2746.0919272069605,13371.993316646385,20975.67579081786,0.0,0.0,0.0,43069.05015049764,9965.206939853337,1057820.1023705674
sustainable,31,6154.547789301231,2814.7442253871345,13706.293149562545,0,0.0,0.0,0.0,22675.58516425091,4996.780040079046,1062816.8824106464
sustainable,32,6339.184222980269,2885.1128310218123,14048.950478301607,0,0.0,0.0,0.0,23273.24753230369,4884.267243501739,1067701.1496541481
sustainable,33,6529.3597496696775,2957.2406517973577,14400.174240259146,0,0.0,0.0,0.0,23886.77464172618,4774.3103105237415,1072475.4599646719
sustainable,34,6725.240542159767,3031.1716680922914,14760.178596265623,0,0.0,0.0,0.0,24516.59080651768,4666.850730345254,1077142.3106950172
sustainable,35,6926.997758424561,3106.950959794598,15129.183061172262,0,0.0,0.0,0.0,25163.13177939142,4561.831340650369,1081704.1420356676
sustainable,36,7134.807691177299,3184.624733789463,15507.412637701567,6081.338289294732,0.0,0.0,0.0,31908.18335196306,5509.184442818791,1087213.3264784864
sustainable,37,7348.851921912617,3264.2403521341994,15895.097953644105,0,0.0,0.0,0.0,26508.19022769092,4358.89103905531,1091572.2175175417
sustainable,38,7569.317479569996,3345.846360937554,16292.475402485206,0,0.0,0.0,0.0,27207.63924299276,4260.862267255915,1095833.0797847977
sustainable,39,7796.397003957096,3429.492519960992,16699.787287547333,0,0.0,0.0,0.0,27925.676811465422,4165.05790720073,1099998.1376919984
sustainable,40,8030.288914075809,3515.2298329600167,17117.281969736014,0,0.0,67126.59595974909,-0.0,95789.39667652093,13606.470208048362,1113604.6079000467
